Date,Price
1/2/07,1.1506
1/3/07,1.176
1/4/07,1.1451
1/5/07,1.1506
1/8/07,1.1376
1/9/07,1.129
1/10/07,1.1166
1/11/07,1.1234
1/12/07,1.1343
1/16/07,1.1364
1/17/07,1.1407
1/18/07,1.1402
1/19/07,1.1349
1/22/07,1.1312
1/23/07,1.176
1/24/07,1.1051
1/25/07,1.1056
1/26/07,1.1069
1/29/07,1.0984
1/30/07,1.1004
1/31/07,1.0986
2/1/07,1.1116
2/2/07,1.1178
2/5/07,1.1169
2/6/07,1.1006
2/7/07,1.0953
2/8/07,1.0953
2/9/07,1.099
2/12/07,1.0895
2/13/07,1.0862
2/14/07,1.0812
2/15/07,1.0877
2/16/07,1.0966
2/20/07,1.0838
2/21/07,1.0814
2/22/07,1.0866
2/23/07,1.1188
2/26/07,1.1322
2/27/07,1.1256
2/28/07,1.1145
3/1/07,1.1118
3/2/07,1.0926
3/5/07,1.0803
3/6/07,1.0561
3/7/07,1.054
3/8/07,1.0487
3/9/07,1.0508
3/12/07,1.0487
3/13/07,1.0412
3/14/07,1.0412
3/15/07,1.0267
3/16/07,1.0285
3/19/07,1.0288
3/20/07,1.0311
3/21/07,1.0255
3/22/07,1.0487
3/23/07,1.0443
3/26/07,1.0647
3/27/07,1.0714
3/28/07,1.0638
3/29/07,1.059
3/30/07,1.0452
4/2/07,1.0275
4/3/07,1.0282
4/4/07,1.0368
4/5/07,1.0412
4/9/07,1.0412
4/10/07,1.0299
4/11/07,1.034
4/12/07,1.0292
4/13/07,1.0536
4/16/07,1.061
4/17/07,1.0257
4/18/07,1.0333
4/19/07,1.0324
4/20/07,1.0293
4/23/07,1.0182
4/24/07,1.0126
4/25/07,0.9945
4/26/07,0.9863
4/27/07,0.9806
4/30/07,0.9883
5/1/07,0.9868
5/2/07,0.9868
5/3/07,0.9833
5/4/07,0.9943
5/7/07,0.9859
5/8/07,0.9926
5/9/07,0.9921
5/10/07,1.0033
5/11/07,1.0038
5/14/07,0.9984
5/15/07,1.0051
5/16/07,1.0068
5/17/07,1.0227
5/18/07,1.0227
5/21/07,1.0372
5/22/07,1.0344
5/23/07,1.0331
5/24/07,1.0326
5/25/07,1.0453
5/29/07,1.0453
5/30/07,1.0261
5/31/07,1.0325
6/1/07,1.0268
6/4/07,1.0712
6/5/07,1.083
6/6/07,1.0837
6/7/07,1.0799
6/8/07,1.0842
6/11/07,1.0735
6/12/07,1.0791
6/13/07,1.065
6/14/07,1.0643
6/15/07,1.0743
6/18/07,1.0752
6/19/07,1.08
6/20/07,1.0703
6/21/07,1.0837
6/22/07,1.09
6/25/07,1.0781
6/26/07,1.06
6/27/07,1.0595
6/28/07,1.0582
6/29/07,1.0612
7/2/07,1.0657
7/3/07,1.0602
7/5/07,1.0543
7/6/07,1.0512
7/9/07,1.0403
7/10/07,1.037
7/11/07,1.0451
7/12/07,1.0546
7/13/07,1.0527
7/16/07,1.0417
7/17/07,1.0512
7/18/07,1.0618
7/19/07,1.0735
7/20/07,1.0787
7/23/07,1.0782
7/24/07,1.0678
7/25/07,1.0815
7/26/07,1.0903
7/27/07,1.0734
7/30/07,1.0726
7/31/07,1.0713
8/1/07,1.0829
8/2/07,1.0773
8/3/07,1.0954
8/6/07,1.1138
8/7/07,1.1184
8/8/07,1.1155
8/9/07,1.1197
8/10/07,1.1297
8/13/07,1.134
8/14/07,1.1523
8/15/07,1.1449
8/16/07,1.1413
8/17/07,1.0963
8/20/07,1.1095
8/21/07,1.1113
8/22/07,1.1148
8/23/07,1.1213
8/24/07,1.1305
8/27/07,1.1305
8/28/07,1.1168
8/29/07,1.1155
8/30/07,1.1074
8/31/07,1.1035
9/4/07,1.1014
9/5/07,1.1225
9/6/07,1.1065
9/7/07,1.1047
9/10/07,1.1125
9/11/07,1.132
9/12/07,1.1327
9/13/07,1.137
9/14/07,1.137
9/17/07,1.139
9/18/07,1.1933
9/19/07,1.2206
9/20/07,1.2273
9/21/07,1.2379
9/24/07,1.2225
9/25/07,1.2369
9/26/07,1.2418
9/27/07,1.2101
9/28/07,1.2143
10/1/07,1.2073
10/2/07,1.2568
10/3/07,1.2524
10/4/07,1.2674
10/5/07,1.2603
10/8/07,1.2689
10/9/07,1.2856
10/10/07,1.2605
10/11/07,1.2604
10/12/07,1.2874
10/15/07,1.3006
10/16/07,1.2285
10/17/07,1.2152
10/18/07,1.2195
10/19/07,1.1833
10/22/07,1.1847
10/23/07,1.1825
10/24/07,1.1775
10/25/07,1.1755
10/26/07,1.1588
10/29/07,1.1613
10/30/07,1.166
10/31/07,1.1684
11/1/07,1.1651
11/2/07,1.1898
11/5/07,1.1536
11/6/07,1.1689
11/7/07,1.1763
11/8/07,1.1825
11/9/07,1.1865
11/12/07,1.1876
11/13/07,1.187
11/14/07,1.2027
11/15/07,1.2079
11/16/07,1.2092
11/19/07,1.2178
11/20/07,1.1897
11/21/07,1.2055
11/23/07,1.2021
11/26/07,1.2156
11/27/07,1.2033
11/28/07,1.1984
11/29/07,1.229
11/30/07,1.2279
12/3/07,1.2347
12/4/07,1.2365
12/5/07,1.2395
12/6/07,1.2417
12/7/07,1.2347
12/10/07,1.2347
12/11/07,1.2591
12/12/07,1.266
12/13/07,1.2766
12/14/07,1.2709
12/17/07,1.2686
12/18/07,1.2732
12/19/07,1.2757
12/20/07,1.278
12/21/07,1.2728
12/24/07,1.2728
12/26/07,1.2728
12/27/07,1.2728
12/28/07,1.2728
12/31/07,1.2728
1/2/08,1.2728
1/3/08,1.2578
1/4/08,1.2782
1/7/08,1.2563
1/8/08,1.2471
1/9/08,1.2773
1/10/08,1.2901
1/11/08,1.2938
1/14/08,1.2944
1/15/08,1.3007
1/16/08,1.3168
1/17/08,1.2986
1/18/08,1.2865
1/22/08,1.2712
1/23/08,1.2731
1/24/08,1.2662
1/25/08,1.2671
1/28/08,1.2585
1/29/08,1.2736
1/30/08,1.278
1/31/08,1.2942
2/1/08,1.2471
2/4/08,1.3245
2/5/08,1.3517
2/6/08,1.3587
2/7/08,1.3616
2/8/08,1.363
2/11/08,1.3812
2/12/08,1.3992
2/13/08,1.4016
2/14/08,1.4114
2/15/08,1.439
2/19/08,1.4097
2/20/08,1.4649
2/21/08,1.4622
2/22/08,1.4732
2/25/08,1.5011
2/26/08,1.5248
2/27/08,1.5037
2/28/08,1.5269
2/29/08,1.5436
3/3/08,1.5245
3/4/08,1.5534
3/5/08,1.545
3/6/08,1.5276
3/7/08,1.474
3/10/08,1.4186
3/11/08,1.4153
3/12/08,1.4265
3/13/08,1.4471
3/14/08,1.4877
3/17/08,1.4426
3/18/08,1.3035
3/19/08,1.2962
3/20/08,1.2698
3/24/08,1.2698
3/25/08,1.2266
3/26/08,1.2503
3/27/08,1.2608
3/28/08,1.2527
3/31/08,1.2414
4/1/08,1.2188
4/2/08,1.2327
4/3/08,1.2376
4/4/08,1.2535
4/7/08,1.2611
4/8/08,1.2752
4/9/08,1.2746
4/10/08,1.2976
4/11/08,1.2832
4/14/08,1.263
4/15/08,1.2625
4/16/08,1.2886
4/17/08,1.2965
4/18/08,1.337
4/21/08,1.2993
4/22/08,1.2709
4/23/08,1.289
4/24/08,1.2942
4/25/08,1.2659
4/28/08,1.2549
4/29/08,1.2823
4/30/08,1.2835
5/1/08,1.291
5/2/08,1.291
5/5/08,1.291
5/6/08,1.2754
5/7/08,1.2853
5/8/08,1.2767
5/9/08,1.2928
5/12/08,1.2928
5/13/08,1.2928
5/14/08,1.3094
5/15/08,1.3095
5/16/08,1.306
5/19/08,1.3122
5/20/08,1.3036
5/21/08,1.3025
5/22/08,1.3403
5/23/08,1.307
5/27/08,1.2845
5/28/08,1.2762
5/29/08,1.2912
5/30/08,1.3957
6/2/08,1.2895
6/3/08,1.3117
6/4/08,1.2784
6/5/08,1.2832
6/6/08,1.304
6/9/08,1.304
6/10/08,1.2589
6/11/08,1.3016
6/12/08,1.2929
6/13/08,1.292
6/16/08,1.2892
6/17/08,1.3146
6/18/08,1.3288
6/19/08,1.3206
6/20/08,1.326
6/23/08,1.3644
6/24/08,1.3708
6/25/08,1.3905
6/26/08,1.4126
6/27/08,1.4375
6/30/08,1.4416
7/1/08,1.4542
7/2/08,1.4658
7/3/08,1.4675
7/7/08,1.4485
7/8/08,1.375
7/9/08,1.3488
7/10/08,1.3371
7/11/08,1.3517
7/14/08,1.359
7/15/08,1.3586
7/16/08,1.3461
7/17/08,1.3454
7/18/08,1.3288
7/21/08,1.3131
7/22/08,1.3102
7/23/08,1.3115
7/24/08,1.2944
7/25/08,1.2915
7/28/08,1.306
7/29/08,1.306
7/30/08,1.3022
7/31/08,1.3155
8/1/08,1.2915
8/4/08,1.3304
8/5/08,1.3124
8/6/08,1.3327
8/7/08,1.3347
8/8/08,1.3525
8/11/08,1.3252
8/12/08,1.32
8/13/08,1.3327
8/14/08,1.3065
8/15/08,1.3057
8/18/08,1.2869
8/19/08,1.2951
8/20/08,1.3044
8/21/08,1.3216
8/22/08,1.345
8/25/08,1.345
8/26/08,1.3365
8/27/08,1.3617
8/28/08,1.3909
8/29/08,1.3844
9/2/08,1.3726
9/3/08,1.3579
9/4/08,1.3608
9/5/08,1.3751
9/8/08,1.3619
9/9/08,1.3524
9/10/08,1.3275
9/11/08,1.3235
9/12/08,1.3029
9/15/08,1.3082
9/16/08,1.3001
9/17/08,1.2641
9/18/08,1.2559
9/19/08,1.2431
9/22/08,1.2567
9/23/08,1.2803
9/24/08,1.2837
9/25/08,1.2865
9/26/08,1.2941
9/29/08,1.2746
9/30/08,1.2546
10/1/08,1.2388
10/2/08,1.2251
10/3/08,1.1966
10/6/08,1.1658
10/7/08,1.1103
10/8/08,1.1322
10/9/08,1.1024
10/10/08,1.1194
10/13/08,1.106
10/14/08,1.1392
10/15/08,1.1544
10/16/08,1.0978
10/17/08,1.0878
10/20/08,1.1007
10/21/08,1.1006
10/22/08,1.0927
10/23/08,1.0809
10/24/08,1.0582
10/27/08,1.0373
10/28/08,1.0221
10/29/08,1.0432
10/30/08,1.079
10/31/08,1.0643
11/3/08,1.0221
11/4/08,1.0881
11/5/08,1.1191
11/6/08,1.1327
11/7/08,1.0946
11/10/08,1.0847
11/11/08,1.1
11/12/08,1.0912
11/13/08,1.0865
11/14/08,1.0764
11/17/08,1.0772
11/18/08,1.0717
11/19/08,1.0688
11/20/08,1.0827
11/21/08,1.0409
11/24/08,1.0376
11/25/08,1.0624
11/26/08,1.0677
11/28/08,1.1068
12/1/08,1.1068
12/2/08,1.0589
12/3/08,1.0515
12/4/08,1.042
12/5/08,1.0101
12/8/08,0.9823
12/9/08,1.0223
12/10/08,1.0229
12/11/08,1.038
12/12/08,1.0565
12/15/08,1.0506
12/16/08,1.05
12/17/08,1.0455
12/18/08,1.0599
12/19/08,1.0599
12/22/08,1.0409
12/23/08,1.0184
12/24/08,1.0184
12/26/08,1.0184
12/29/08,1.0184
12/30/08,1.0105
12/31/08,1.0105
1/2/09,1.0105
1/5/09,1.0105
1/6/09,1.0219
1/7/09,1.0219
1/8/09,1.0761
1/9/09,1.0697
1/12/09,1.1002
1/13/09,1.0822
1/14/09,1.0758
1/15/09,1.0793
1/16/09,1.0704
1/20/09,1.0884
1/21/09,1.0843
1/22/09,1.0843
1/23/09,1.1121
1/26/09,1.1166
1/27/09,1.1313
1/28/09,1.138
1/29/09,1.1495
1/30/09,1.146
2/2/09,1.133
2/3/09,1.1295
2/4/09,1.1263
2/5/09,1.1084
2/6/09,1.1122
2/9/09,1.1233
2/10/09,1.1411
2/11/09,1.1191
2/12/09,1.0929
2/13/09,1.0588
2/17/09,1.0618
2/18/09,1.0435
2/19/09,1.0336
2/20/09,1.0392
2/23/09,1.03
2/24/09,1.0538
2/25/09,1.0548
2/26/09,1.0548
2/27/09,1.0548
3/2/09,1.0412
3/3/09,1.011
3/4/09,1.0002
3/5/09,1.007
3/6/09,1.007
3/9/09,1.0039
3/10/09,0.9841
3/11/09,0.9818
3/12/09,0.9916
3/13/09,1.0064
3/16/09,1.0206
3/17/09,1.0241
3/18/09,1.0241
3/19/09,1.0405
3/20/09,1.0531
3/23/09,1.0618
3/24/09,1.0672
3/25/09,1.0652
3/26/09,1.0652
3/27/09,1.07
3/30/09,1.0567
3/31/09,1.0354
4/1/09,1.0704
4/2/09,1.0469
4/3/09,1.0663
4/6/09,1.0738
4/7/09,1.0675
4/8/09,1.0675
4/9/09,1.0754
4/13/09,1.0754
4/14/09,1.0754
4/15/09,1.0647
4/16/09,1.0658
4/17/09,1.0591
4/20/09,1.0385
4/21/09,1.0286
4/22/09,1.0355
4/23/09,1.0527
4/24/09,1.0716
4/27/09,1.0797
4/28/09,1.0571
4/29/09,1.0517
4/30/09,1.0522
5/1/09,1.0477
5/4/09,1.0477
5/5/09,1.0846
5/6/09,1.1221
5/7/09,1.13
5/8/09,1.132
5/11/09,1.1494
5/12/09,1.1743
5/13/09,1.1802
5/14/09,1.1606
5/15/09,1.1625
5/18/09,1.1665
5/19/09,1.1755
5/20/09,1.199
5/21/09,1.2087
5/22/09,1.2087
5/26/09,1.2307
5/27/09,1.2342
5/28/09,1.2447
5/29/09,1.2488
6/1/09,1.2549
6/2/09,1.2944
6/3/09,1.2955
6/4/09,1.2711
6/5/09,1.2636
6/8/09,1.2291
6/9/09,1.1844
6/10/09,1.2012
6/11/09,1.186
6/12/09,1.1878
6/15/09,1.1762
6/16/09,1.1164
6/17/09,1.1152
6/18/09,1.0859
6/19/09,1.0859
6/22/09,1.0806
6/23/09,1.0799
6/24/09,1.0785
6/25/09,1.087
6/26/09,1.086
6/29/09,1.086
6/30/09,1.0965
7/1/09,1.0895
7/2/09,1.0878
7/6/09,1.0709
7/7/09,1.0586
7/8/09,1.054
7/9/09,1.0429
7/10/09,1.047
7/13/09,1.0331
7/14/09,1.033
7/15/09,1.0467
7/16/09,1.0609
7/17/09,1.0505
7/20/09,1.0681
7/21/09,1.0841
7/22/09,1.0934
7/23/09,1.083
7/24/09,1.1093
7/27/09,1.1175
7/28/09,1.1175
7/29/09,1.1065
7/30/09,1.1009
7/31/09,1.1201
8/3/09,1.1377
8/4/09,1.181
8/5/09,1.1909
8/6/09,1.1941
8/7/09,1.2157
8/10/09,1.2382
8/11/09,1.2382
8/12/09,1.2358
8/13/09,1.2365
8/14/09,1.2141
8/17/09,1.1929
8/18/09,1.1619
8/19/09,1.1453
8/20/09,1.1482
8/21/09,1.1381
8/24/09,1.134
8/25/09,1.1227
8/26/09,1.1082
8/27/09,1.1198
8/28/09,1.1053
8/31/09,1.113
9/1/09,1.1084
9/2/09,1.0962
9/3/09,1.0956
9/4/09,1.0941
9/8/09,1.1182
9/9/09,1.1258
9/10/09,1.1325
9/11/09,1.1215
9/14/09,1.1464
9/15/09,1.1847
9/16/09,1.2112
9/17/09,1.2132
9/18/09,1.2237
9/21/09,1.2265
9/22/09,1.225
9/23/09,1.2355
9/24/09,1.2233
9/25/09,1.1786
9/28/09,1.1525
9/29/09,1.1487
9/30/09,1.1371
10/1/09,1.1493
10/2/09,1.1507
10/5/09,1.1661
10/6/09,1.1742
10/7/09,1.2009
10/8/09,1.2174
10/9/09,1.2502
10/12/09,1.2457
10/13/09,1.2576
10/14/09,1.2573
10/15/09,1.2675
10/16/09,1.2571
10/19/09,1.2848
10/20/09,1.2848
10/21/09,1.2925
10/22/09,1.3124
10/23/09,1.3055
10/26/09,1.3055
10/27/09,1.2518
10/28/09,1.2512
10/29/09,1.2283
10/30/09,1.2362
11/2/09,1.2369
11/3/09,1.2737
11/4/09,1.2902
11/5/09,1.2993
11/6/09,1.3084
11/9/09,1.28
11/10/09,1.2933
11/11/09,1.2445
11/12/09,1.2316
11/13/09,1.2113
11/16/09,1.2059
11/17/09,1.2059
11/18/09,1.2482
11/19/09,1.2662
11/20/09,1.2418
11/23/09,1.2331
11/24/09,1.2488
11/25/09,1.2493
11/27/09,1.2493
11/30/09,1.2651
12/1/09,1.3054
12/2/09,1.3211
12/3/09,1.3292
12/4/09,1.3383
12/7/09,1.3097
12/8/09,1.3356
12/9/09,1.3439
12/10/09,1.3276
12/11/09,1.3235
12/14/09,1.3165
12/15/09,1.3472
12/16/09,1.3604
12/17/09,1.3675
12/18/09,1.3542
12/21/09,1.3493
12/22/09,1.3614
12/23/09,1.3299
12/24/09,1.3205
12/28/09,1.3205
12/29/09,1.2816
12/30/09,1.2771
12/31/09,1.2726
1/4/10,1.2726
1/5/10,1.3135
1/6/10,1.3228
1/7/10,1.3303
1/8/10,1.3297
1/11/10,1.3592
1/12/10,1.3568
1/13/10,1.3479
1/14/10,1.3606
1/15/10,1.3575
1/19/10,1.3197
1/20/10,1.3235
1/21/10,1.3059
1/22/10,1.3061
1/25/10,1.3066
1/26/10,1.3096
1/27/10,1.2968
1/28/10,1.2677
1/29/10,1.2495
2/1/10,1.2374
2/2/10,1.2356
2/3/10,1.2525
2/4/10,1.2437
2/5/10,1.2392
2/8/10,1.2194
2/9/10,1.2228
2/10/10,1.2286
2/11/10,1.2369
2/12/10,1.2449
2/16/10,1.2578
2/17/10,1.2741
2/18/10,1.2716
2/19/10,1.289
2/22/10,1.2907
2/23/10,1.2455
2/24/10,1.2378
2/25/10,1.2396
2/26/10,1.2128
3/1/10,1.2291
3/2/10,1.2177
3/3/10,1.239
3/4/10,1.2387
3/5/10,1.2265
3/8/10,1.2243
3/9/10,1.2321
3/10/10,1.2413
3/11/10,1.2476
3/12/10,1.2558
3/15/10,1.2547
3/16/10,1.2305
3/17/10,1.245
3/18/10,1.2506
3/19/10,1.2796
3/22/10,1.2662
3/23/10,1.266
3/24/10,1.2826
3/25/10,1.289
3/26/10,1.3035
3/29/10,1.3018
3/30/10,1.3141
3/31/10,1.3164
4/1/10,1.3055
4/5/10,1.3055
4/6/10,1.3055
4/7/10,1.3182
4/8/10,1.3094
4/9/10,1.2821
4/12/10,1.2648
4/13/10,1.2589
4/14/10,1.2472
4/15/10,1.2438
4/16/10,1.2375
4/19/10,1.2257
4/20/10,1.2222
4/21/10,1.2233
4/22/10,1.2268
4/23/10,1.2395
4/26/10,1.246
4/27/10,1.2547
4/28/10,1.2285
4/29/10,1.2582
4/30/10,1.2694
5/3/10,1.2773
5/4/10,1.3072
5/5/10,1.3044
5/6/10,1.2973
5/7/10,1.2673
5/10/10,1.2663
5/11/10,1.2676
5/12/10,1.2809
5/13/10,1.2962
5/14/10,1.2962
5/17/10,1.2829
5/18/10,1.2579
5/19/10,1.2713
5/20/10,1.2592
5/21/10,1.2534
5/24/10,1.2553
5/25/10,1.2527
5/26/10,1.2523
5/27/10,1.272
5/28/10,1.2731
6/1/10,1.2753
6/2/10,1.2861
6/3/10,1.2942
6/4/10,1.288
6/7/10,1.2725
6/8/10,1.2725
6/9/10,1.2725
6/10/10,1.2801
6/11/10,1.3084
6/14/10,1.3814
6/15/10,1.4118
6/16/10,1.4659
6/17/10,1.516
6/18/10,1.4945
6/21/10,1.5108
6/22/10,1.5331
6/23/10,1.5192
6/24/10,1.5169
6/25/10,1.59
6/28/10,1.6016
6/29/10,1.5952
6/30/10,1.5429
7/1/10,1.5585
7/2/10,1.5872
7/6/10,1.5535
7/7/10,1.5024
7/8/10,1.5248
7/9/10,1.5398
7/12/10,1.5498
7/13/10,1.5572
7/14/10,1.5875
7/15/10,1.5767
7/16/10,1.6018
7/19/10,1.5948
7/20/10,1.5725
7/21/10,1.5361
7/22/10,1.5152
7/23/10,1.5454
7/26/10,1.5753
7/27/10,1.5806
7/28/10,1.5689
7/29/10,1.5689
7/30/10,1.6241
8/2/10,1.667
8/3/10,1.6432
8/4/10,1.5917
8/5/10,1.598
8/6/10,1.6015
8/9/10,1.5857
8/10/10,1.5906
8/11/10,1.6086
8/12/10,1.6097
8/13/10,1.6455
8/16/10,1.6619
8/17/10,1.6703
8/18/10,1.6658
8/19/10,1.6528
8/20/10,1.6643
8/23/10,1.707
8/24/10,1.6995
8/25/10,1.5789
8/26/10,1.5425
8/27/10,1.593
8/30/10,1.6473
8/31/10,1.6841
9/1/10,1.6639
9/2/10,1.6935
9/3/10,1.7175
9/7/10,1.7323
9/8/10,1.7523
9/9/10,1.8035
9/10/10,1.7721
9/13/10,1.7686
9/14/10,1.7642
9/15/10,1.8079
9/16/10,1.7977
9/17/10,1.7977
9/20/10,1.7598
9/21/10,1.719
9/22/10,1.7063
9/23/10,1.7261
9/24/10,1.7139
9/27/10,1.7151
9/28/10,1.7585
9/29/10,1.7812
9/30/10,1.7644
10/1/10,1.7607
10/4/10,1.7399
10/5/10,1.6301
10/6/10,1.6374
10/7/10,1.641
10/8/10,1.6372
10/11/10,1.6721
10/12/10,1.6683
10/13/10,1.7116
10/14/10,1.7271
10/15/10,1.7387
10/18/10,1.7324
10/19/10,1.7285
10/20/10,1.7489
10/21/10,1.7956
10/22/10,1.8436
10/25/10,1.8547
10/26/10,1.8737
10/27/10,1.8729
10/28/10,1.8686
10/29/10,1.8357
11/1/10,1.8718
11/2/10,1.8455
11/3/10,1.8513
11/4/10,1.8479
11/5/10,1.9199
11/8/10,1.9163
11/9/10,1.9402
11/10/10,2.0196
11/11/10,1.9832
11/12/10,1.942
11/15/10,1.8685
11/16/10,1.8992
11/17/10,1.8535
11/18/10,1.8511
11/19/10,1.9265
11/22/10,1.9315
11/23/10,1.9432
11/24/10,1.281
11/26/10,1.9387
11/29/10,1.8722
11/30/10,1.8772
12/1/10,1.8726
12/2/10,1.8799
12/3/10,1.8909
12/6/10,1.9031
12/7/10,1.9315
12/8/10,1.9419
12/9/10,1.9159
12/10/10,1.9019
12/13/10,1.9298
12/14/10,2.0355
12/15/10,2.0271
12/16/10,2.034
12/17/10,2.0266
12/20/10,2.0759
12/21/10,2.0852
12/22/10,2.1693
12/23/10,2.1693
12/27/10,2.1736
12/28/10,2.1736
12/29/10,2.1736
12/30/10,2.1736
12/31/10,2.1736
1/3/11,2.1736
1/4/11,2.2015
1/5/11,2.1445
1/6/11,2.1433
1/7/11,2.155
1/10/11,2.1364
1/11/11,2.1416
1/12/11,2.1747
1/13/11,2.2321
1/14/11,2.1602
1/18/11,2.1799
1/19/11,2.1909
1/20/11,2.1665
1/21/11,2.1602
1/24/11,2.235
1/25/11,2.2275
1/26/11,2.1718
1/27/11,2.2386
1/28/11,2.2374
1/31/11,2.3129
2/1/11,2.3146
2/2/11,2.3617
2/3/11,2.3732
2/4/11,2.3848
2/7/11,2.3662
2/8/11,2.3743
2/9/11,2.354
2/10/11,2.4103
2/11/11,2.4289
2/14/11,2.4015
2/15/11,2.4625
2/16/11,2.4643
2/17/11,2.4747
2/18/11,2.4455
2/22/11,2.5722
2/23/11,2.6129
2/24/11,2.5671
2/25/11,2.5288
2/28/11,2.5589
3/1/11,2.5938
3/2/11,2.5624
3/3/11,2.5636
3/4/11,2.5942
3/7/11,2.6017
3/8/11,2.6755
3/9/11,2.7259
3/10/11,2.8079
3/11/11,2.69
3/14/11,2.6197
3/15/11,2.6249
3/16/11,2.5277
3/17/11,2.5625
3/18/11,2.6256
3/21/11,2.6602
3/22/11,2.6716
3/23/11,2.628
3/24/11,2.5914
3/25/11,2.5535
3/28/11,2.5913
3/29/11,2.557
3/30/11,2.557
3/31/11,2.5425
4/1/11,2.5365
4/4/11,2.4978
4/5/11,2.4741
4/6/11,2.564
4/7/11,2.5489
4/8/11,2.6229
4/11/11,2.6377
4/12/11,2.6377
4/13/11,2.6406
4/14/11,2.7093
4/15/11,2.7282
4/18/11,2.7818
4/19/11,2.7681
4/20/11,2.8322
4/21/11,2.8907
4/25/11,2.8827
4/26/11,2.8447
4/27/11,2.8844
4/28/11,2.8747
4/29/11,2.8747
5/2/11,2.9194
5/3/11,2.9675
5/4/11,2.9584
5/5/11,2.8507
5/6/11,2.8069
5/9/11,2.8142
5/10/11,2.807
5/11/11,2.7637
5/12/11,2.6827
5/13/11,2.6747
5/16/11,2.6483
5/17/11,2.5869
5/18/11,2.6029
5/19/11,2.6993
5/20/11,2.6467
5/23/11,2.5375
5/24/11,2.5675
5/25/11,2.5622
5/26/11,2.6024
5/27/11,2.5915
5/31/11,2.5755
6/1/11,2.5849
6/2/11,2.5038
6/3/11,2.5606
6/6/11,2.6323
6/7/11,2.5411
6/8/11,2.5754
6/9/11,2.5546
6/10/11,2.5886
6/13/11,2.5596
6/14/11,2.5925
6/15/11,2.5863
6/16/11,2.5515
6/17/11,2.5082
6/20/11,2.4301
6/21/11,2.3724
6/22/11,2.361
6/23/11,2.3747
6/24/11,2.3829
6/27/11,2.4093
6/28/11,2.4269
6/29/11,2.4977
6/30/11,2.5009
7/1/11,2.619
7/5/11,2.6034
7/6/11,2.597
7/7/11,2.5918
7/8/11,2.6059
7/11/11,2.5501
7/12/11,2.4969
7/13/11,2.4971
7/14/11,2.5561
7/15/11,2.5016
7/18/11,2.4545
7/19/11,2.4014
7/20/11,2.3734
7/21/11,2.3664
7/22/11,2.3345
7/25/11,2.3338
7/26/11,2.358
7/27/11,2.3797
7/28/11,2.3421
7/29/11,2.3232
8/1/11,2.3297
8/2/11,2.3406
8/3/11,2.3635
8/4/11,2.3512
8/5/11,2.2971
8/8/11,2.3094
8/9/11,2.2885
8/10/11,2.2959
8/11/11,2.3085
8/12/11,2.3598
8/15/11,2.3564
8/16/11,2.403
8/17/11,2.4641
8/18/11,2.5754
8/19/11,2.582
8/22/11,2.6079
8/23/11,2.6025
8/24/11,2.6334
8/25/11,2.6543
8/26/11,2.6636
8/29/11,2.6968
8/30/11,2.7483
8/31/11,2.7689
9/1/11,2.7908
9/2/11,2.8175
9/6/11,2.7932
9/7/11,2.7359
9/8/11,2.7676
9/9/11,2.7747
9/12/11,2.6353
9/13/11,2.6588
9/14/11,2.6525
9/15/11,2.6175
9/16/11,2.5825
9/19/11,2.5754
9/20/11,2.5761
9/21/11,2.5543
9/22/11,2.4828
9/23/11,2.3766
9/26/11,2.2906
9/27/11,2.3307
9/28/11,2.3728
9/29/11,2.2981
9/30/11,2.2759
10/3/11,2.2614
10/4/11,2.2666
10/5/11,2.2616
10/6/11,2.2568
10/7/11,2.3255
10/10/11,2.2729
10/11/11,2.2719
10/12/11,2.2462
10/13/11,2.285
10/14/11,2.3741
10/17/11,2.4146
10/18/11,2.3443
10/19/11,2.339
10/20/11,2.3761
10/21/11,2.3358
10/24/11,2.4612
10/25/11,2.5151
10/26/11,2.3943
10/27/11,2.3893
10/28/11,2.3842
10/31/11,2.3821
11/1/11,2.3025
11/2/11,2.2725
11/3/11,2.2941
11/4/11,2.3175
11/7/11,2.3531
11/8/11,2.3771
11/9/11,2.3676
11/10/11,2.3539
11/11/11,2.378
11/14/11,2.4125
11/15/11,2.371
11/16/11,2.4332
11/17/11,2.4051
11/18/11,2.3724
11/21/11,2.3872
11/22/11,2.3906
11/23/11,2.3949
11/25/11,2.3877
11/28/11,2.3715
11/29/11,2.3286
11/30/11,2.3304
12/1/11,2.399
12/2/11,2.401
12/5/11,2.3623
12/6/11,2.413
12/7/11,2.3966
12/8/11,2.3379
12/9/11,2.3188
12/12/11,2.3302
12/13/11,2.2712
12/14/11,2.2864
12/15/11,2.2316
12/16/11,2.228
12/19/11,2.2084
12/20/11,2.233
12/21/11,2.2779
12/22/11,2.2471
12/23/11,2.2421
12/27/11,2.2421
12/28/11,2.2421
12/29/11,2.2421
12/30/11,2.2421
1/3/12,2.2766
1/4/12,2.3256
1/5/12,2.3159
1/6/12,2.2535
1/9/12,2.252
1/10/12,2.2656
1/11/12,2.2979
1/12/12,2.379
1/13/12,2.3772
1/17/12,2.2959
1/18/12,2.2964
1/19/12,2.2952
1/20/12,2.3092
1/23/12,2.309
1/24/12,2.25
1/25/12,2.2569
1/26/12,2.2296
1/27/12,2.2477
1/30/12,2.2336
1/31/12,2.2204
2/1/12,2.2091
2/2/12,2.2023
2/3/12,2.2096
2/6/12,2.2203
2/7/12,2.2393
2/8/12,2.2725
2/9/12,2.2617
2/10/12,2.2375
2/13/12,2.2294
2/14/12,2.2025
2/15/12,2.1271
2/16/12,2.0744
2/17/12,2.0628
2/21/12,2.0819
2/22/12,2.1221
2/23/12,2.0926
2/24/12,2.0951
2/27/12,2.1003
2/28/12,2.1111
2/29/12,2.1165
3/1/12,2.0995
3/2/12,2.1004
3/5/12,2.0891
3/6/12,2.0863
3/7/12,2.0156
3/8/12,1.9545
3/9/12,1.9643
3/12/12,1.9449
3/13/12,1.9159
3/14/12,1.9321
3/15/12,1.9135
3/16/12,1.9257
3/19/12,1.8988
3/20/12,1.9088
3/21/12,1.9084
3/22/12,1.9007
3/23/12,1.7624
3/26/12,1.7768
3/27/12,1.7811
3/28/12,1.8999
3/29/12,1.8811
3/30/12,1.8176
4/2/12,1.8695
4/3/12,1.901
4/4/12,1.8635
4/5/12,1.8746
4/9/12,1.8746
4/10/12,1.7947
4/11/12,1.8074
4/12/12,1.8228
4/13/12,1.8414
4/16/12,1.8151
4/17/12,1.7617
4/18/12,1.7559
4/19/12,1.7509
4/20/12,1.7595
4/23/12,1.7957
4/24/12,1.797
4/25/12,1.8439
4/26/12,1.7935
4/27/12,1.7685
4/30/12,1.7666
5/1/12,1.7898
5/2/12,1.8385
5/3/12,1.8291
5/4/12,1.7676
5/7/12,1.7676
5/8/12,1.7581
5/9/12,1.7587
5/10/12,1.7491
5/11/12,1.7912
5/14/12,1.7787
5/15/12,1.7759
5/16/12,1.7911
5/17/12,1.7761
5/18/12,1.7863
5/21/12,1.7826
5/22/12,1.7483
5/23/12,1.7398
5/24/12,1.6714
5/25/12,1.6751
5/29/12,1.6661
5/30/12,1.6561
5/31/12,1.6258
6/1/12,1.6053
6/4/12,1.6053
6/5/12,1.5761
6/6/12,1.5655
6/7/12,1.5597
6/8/12,1.5594
6/11/12,1.5454
6/12/12,1.5459
6/13/12,1.5357
6/14/12,1.5241
6/15/12,1.494
6/18/12,1.498
6/19/12,1.5034
6/20/12,1.5683
6/21/12,1.5185
6/22/12,1.5648
6/25/12,1.5326
6/26/12,1.5691
6/27/12,1.646
6/28/12,1.6274
6/29/12,1.6185
7/2/12,1.6699
7/3/12,1.7067
7/5/12,1.7645
7/6/12,1.7788
7/9/12,1.734
7/10/12,1.7616
7/11/12,1.7938
7/12/12,1.8091
7/13/12,1.772
7/16/12,1.8048
7/17/12,1.7928
7/18/12,1.7671
7/19/12,1.7702
7/20/12,1.8294
7/23/12,1.8264
7/24/12,1.8014
7/25/12,1.7366
7/26/12,1.7135
7/27/12,1.6995
7/30/12,1.7046
7/31/12,1.7061
8/1/12,1.6767
8/2/12,1.6651
8/3/12,1.6553
8/6/12,1.6659
8/7/12,1.6932
8/8/12,1.667
8/9/12,1.6449
8/10/12,1.6057
8/13/12,1.5994
8/14/12,1.5788
8/15/12,1.5723
8/16/12,1.5608
8/17/12,1.5348
8/20/12,1.5437
8/21/12,1.5589
8/22/12,1.5585
8/23/12,1.5356
8/24/12,1.5521
8/27/12,1.577
8/28/12,1.6205
8/29/12,1.6233
8/30/12,1.6204
8/31/12,1.5907
9/4/12,1.5937
9/5/12,1.5982
9/6/12,1.5617
9/7/12,1.5466
9/10/12,1.573
9/11/12,1.6575
9/12/12,1.7045
9/13/12,1.7106
9/14/12,1.7154
9/17/12,1.7367
9/18/12,1.7117
9/19/12,1.729
9/20/12,1.7002
9/21/12,1.6533
9/24/12,1.6915
9/25/12,1.6792
9/26/12,1.6945
9/27/12,1.6587
9/28/12,1.6994
10/1/12,1.6906
10/2/12,1.7188
10/3/12,1.7811
10/4/12,1.7844
10/5/12,1.7102
10/8/12,1.6497
10/9/12,1.6558
10/10/12,1.6268
10/11/12,1.6096
10/12/12,1.585
10/15/12,1.5953
10/16/12,1.5823
10/17/12,1.5934
10/18/12,1.5826
10/19/12,1.5467
10/22/12,1.5688
10/23/12,1.5991
10/24/12,1.5694
10/25/12,1.5612
10/26/12,1.5659
10/29/12,1.5659
10/30/12,1.5694
10/31/12,1.5525
11/1/12,1.5278
11/2/12,1.5179
11/5/12,1.5316
11/6/12,1.4975
11/7/12,1.4935
11/8/12,1.5139
11/9/12,1.5138
11/12/12,1.4952
11/13/12,1.5239
11/14/12,1.4668
11/15/12,1.4737
11/16/12,1.4748
11/19/12,1.4699
11/20/12,1.5099
11/21/12,1.4636
11/23/12,1.4698
11/26/12,1.4462
11/27/12,1.4307
11/28/12,1.431
11/29/12,1.4733
11/30/12,1.4923
12/3/12,1.4563
12/4/12,1.4395
12/5/12,1.4142
12/6/12,1.4185
12/7/12,1.4393
12/10/12,1.4529
12/11/12,1.4071
12/12/12,1.4264
12/13/12,1.4026
12/14/12,1.3759
12/17/12,1.3677
12/18/12,1.3921
12/19/12,1.3779
12/20/12,1.3961
12/21/12,1.3781
12/24/12,1.3781
12/26/12,1.3781
12/27/12,1.3781
12/28/12,1.3781
12/31/12,1.3781
1/2/13,1.3939
1/3/13,1.4467
1/4/13,1.4192
1/7/13,1.4191
1/8/13,1.4451
1/9/13,1.439
1/10/13,1.4433
1/11/13,1.4437
1/14/13,1.4781
1/15/13,1.4926
1/16/13,1.4866
1/17/13,1.483
1/18/13,1.4993
1/22/13,1.4996
1/23/13,1.4346
1/24/13,1.4512
1/25/13,1.4143
1/28/13,1.4206
1/29/13,1.4242
1/30/13,1.4415
1/31/13,1.4242
2/1/13,1.4233
2/4/13,1.4248
2/5/13,1.3964
2/6/13,1.3956
2/7/13,1.3793
2/8/13,1.3668
2/11/13,1.3685
2/12/13,1.3632
2/13/13,1.3695
2/14/13,1.3548
2/15/13,1.3441
2/19/13,1.3373
2/20/13,1.319
2/21/13,1.3549
2/22/13,1.3538
2/25/13,1.3734
2/26/13,1.3734
2/27/13,1.3644
2/28/13,1.3739
3/1/13,1.3718
3/4/13,1.3695
3/5/13,1.4061
3/6/13,1.349
3/7/13,1.3549
3/8/13,1.3681
3/11/13,1.3733
3/12/13,1.3766
3/13/13,1.3629
3/14/13,1.3436
3/15/13,1.335
3/18/13,1.316
3/19/13,1.2873
3/20/13,1.2872
3/21/13,1.2881
3/22/13,1.2939
3/25/13,1.3017
3/26/13,1.3158
3/27/13,1.3323
3/28/13,1.3237
4/1/13,1.3237
4/2/13,1.3458
4/3/13,1.3235
4/4/13,1.3514
4/5/13,1.3526
4/8/13,1.3597
4/9/13,1.3275
4/10/13,1.3199
4/11/13,1.3243
4/12/13,1.327
4/15/13,1.3116
4/16/13,1.2979
4/17/13,1.3057
4/18/13,1.3087
4/19/13,1.3445
4/22/13,1.3634
4/23/13,1.3652
4/24/13,1.3179
4/25/13,1.3288
4/26/13,1.3201
4/29/13,1.2971
4/30/13,1.2869
5/1/13,1.2928
5/2/13,1.2903
5/3/13,1.3366
5/6/13,1.3467
5/7/13,1.3518
5/8/13,1.3603
5/9/13,1.3679
5/10/13,1.4052
5/13/13,1.3656
5/14/13,1.3798
5/15/13,1.3676
5/16/13,1.3329
5/17/13,1.3202
5/20/13,1.308
5/21/13,1.3004
5/22/13,1.278
5/23/13,1.2482
5/24/13,1.2515
5/28/13,1.2284
5/29/13,1.221
5/30/13,1.2303
5/31/13,1.2142
6/3/13,1.2329
6/4/13,1.2527
6/5/13,1.2422
6/6/13,1.236
6/7/13,1.2527
6/10/13,1.2342
6/11/13,1.2498
6/12/13,1.2376
6/13/13,1.2008
6/14/13,1.2022
6/17/13,1.1904
6/18/13,1.1891
6/19/13,1.1843
6/20/13,1.1982
6/21/13,1.1528
6/24/13,1.161
6/25/13,1.165
6/26/13,1.1582
6/27/13,1.1475
6/28/13,1.1777
7/1/13,1.1692
7/2/13,1.1757
7/3/13,1.2063
7/5/13,1.1745
7/8/13,1.1734
7/9/13,1.1974
7/10/13,1.1802
7/11/13,1.462
7/12/13,1.1962
7/15/13,1.1588
7/16/13,1.1946
7/17/13,1.2116
7/18/13,1.2373
7/19/13,1.2494
7/22/13,1.2071
7/23/13,1.2135
7/24/13,1.223
7/25/13,1.1862
7/26/13,1.2072
7/29/13,1.192
7/30/13,1.1855
7/31/13,1.1856
8/1/13,1.1662
8/2/13,1.1435
8/5/13,1.1669
8/6/13,1.1835
8/7/13,1.1651
8/8/13,1.1923
8/9/13,1.1994
8/12/13,1.4865
8/13/13,1.2254
8/14/13,1.1923
8/15/13,1.2197
8/16/13,1.2144
8/19/13,1.2026
8/20/13,1.4468
8/21/13,1.1488
8/22/13,1.1357
8/23/13,1.1276
8/26/13,1.1426
8/27/13,1.1374
8/28/13,1.1227
8/29/13,1.1401
8/30/13,1.1263
9/3/13,1.1144
9/4/13,1.1251
9/5/13,1.1211
9/6/13,1.1163
9/9/13,1.128
9/10/13,1.1298
9/11/13,1.1249
9/12/13,1.1553
9/13/13,1.1523
9/16/13,1.1481
9/17/13,1.1465
9/18/13,1.1067
9/19/13,1.1066
9/20/13,1.1111
9/23/13,1.1119
9/24/13,1.1344
9/25/13,1.1439
9/26/13,1.1448
9/27/13,1.1251
9/30/13,1.1063
10/1/13,1.1049
10/2/13,1.1034
10/3/13,1.1102
10/4/13,1.1145
10/7/13,1.1091
10/8/13,1.105
10/9/13,1.1106
10/10/13,1.1137
10/11/13,1.1132
10/14/13,1.1285
10/15/13,1.1339
10/16/13,1.131
10/17/13,1.1241
10/18/13,1.1121
10/21/13,1.1129
10/22/13,1.0946
10/23/13,1.0956
10/24/13,1.0759
10/25/13,1.0745
10/28/13,1.0663
10/29/13,1.049
10/30/13,1.0452
10/31/13,1.0466
11/1/13,1.027
11/4/13,1.0309
11/5/13,1.0157
11/6/13,1.0115
11/7/13,0.9971
11/8/13,1.0141
11/11/13,1.0216
11/12/13,1.0176
11/13/13,1.0334
11/14/13,1.0085
11/15/13,1.0046
11/18/13,1.0329
11/19/13,1.0382
11/20/13,1.0424
11/21/13,1.0449
11/22/13,1.0535
11/25/13,1.0222
11/26/13,1.0248
11/27/13,1.0321
11/29/13,1.0227
12/2/13,1.061
12/3/13,1.0464
12/4/13,1.0497
12/5/13,1.0358
12/6/13,1.0126
12/9/13,1.0157
12/10/13,1.012
12/11/13,1.0533
12/12/13,1.0505
12/13/13,1.0603
12/16/13,1.093
12/17/13,1.0984
12/18/13,1.0843
12/19/13,1.0999
12/20/13,1.0961
12/23/13,1.0961
12/24/13,1.0961
12/26/13,1.0961
12/27/13,1.0961
12/30/13,1.0961
12/31/13,1.0961
1/2/14,1.0764
1/3/14,1.0764
1/6/14,1.1211
1/7/14,1.1648
1/8/14,1.1357
1/9/14,1.1684
1/10/14,1.1567
1/13/14,1.1564
1/14/14,1.1493
1/15/14,1.15
1/16/14,1.1268
1/17/14,1.1378
1/21/14,1.1411
1/22/14,1.1277
1/23/14,1.1194
1/24/14,1.1264
1/27/14,1.1195
1/28/14,1.1213
1/29/14,1.1209
1/30/14,1.1436
1/31/14,1.1709
2/3/14,1.2188
2/4/14,1.3233
2/5/14,1.322
2/6/14,1.3922
2/7/14,1.3492
2/10/14,1.3246
2/11/14,1.3264
2/12/14,1.3348
2/13/14,1.3645
2/14/14,1.3629
2/18/14,1.3664
2/19/14,1.4765
2/20/14,1.636
2/21/14,1.6209
2/24/14,1.6364
2/25/14,1.7052
2/26/14,1.6946
2/27/14,1.6929
2/28/14,1.7186
3/3/14,1.7364
3/4/14,1.8457
3/5/14,1.7973
3/6/14,1.9173
3/7/14,1.8811
3/10/14,1.9051
3/11/14,1.9656
3/12/14,1.9907
3/13/14,1.9852
3/14/14,1.9977
3/17/14,1.9204
3/18/14,1.8521
3/19/14,1.8518
3/20/14,1.8021
3/21/14,1.6943
3/24/14,1.6595
3/25/14,1.7147
3/26/14,1.7069
3/27/14,1.712
3/28/14,1.7217
3/31/14,1.7643
4/1/14,1.7376
4/2/14,1.7135
4/3/14,1.6896
4/4/14,1.6992
4/7/14,1.7876
4/8/14,1.8761
4/9/14,1.9117
4/10/14,1.9117
4/11/14,1.9961
4/14/14,1.964
4/15/14,1.9926
4/16/14,1.9069
4/17/14,1.8222
4/21/14,1.8222
4/22/14,1.8651
4/23/14,1.967
4/24/14,2.0301
4/25/14,2.0283
4/28/14,2.0069
4/29/14,1.952
4/30/14,2.0004
5/1/14,1.9858
5/2/14,1.9598
5/5/14,1.9598
5/6/14,1.9908
5/7/14,1.9665
5/8/14,1.9582
5/9/14,1.9076
5/12/14,1.7674
5/13/14,1.798
5/14/14,1.7906
5/15/14,1.7605
5/16/14,1.8805
5/19/14,1.7857
5/20/14,1.776
5/21/14,1.7879
5/22/14,1.7615
5/23/14,1.7592
5/27/14,2.0512
5/28/14,1.7373
5/29/14,1.687
5/30/14,1.7369
6/2/14,1.7201
6/3/14,1.6679
6/4/14,1.6472
6/5/14,1.6413
6/6/14,1.6306
6/9/14,1.6367
6/10/14,1.5745
6/11/14,1.6208
6/12/14,1.6688
6/13/14,1.6728
6/16/14,1.6796
6/17/14,1.6693
6/18/14,1.6291
6/19/14,1.6229
6/20/14,1.6116
6/23/14,1.6682
6/24/14,1.6758
6/25/14,1.6589
6/26/14,1.7207
6/27/14,1.7092
6/30/14,1.6562
7/1/14,1.6495
7/2/14,1.6251
7/3/14,1.6345
7/7/14,1.6269
7/8/14,1.6213
7/9/14,1.6372
7/10/14,1.6375
7/11/14,1.5477
7/14/14,1.5477
7/15/14,1.567
7/16/14,1.543
7/17/14,1.5499
7/18/14,1.5688
7/21/14,1.628
7/22/14,1.6495
7/23/14,1.6211
7/24/14,1.6906
7/25/14,1.7286
7/28/14,1.7395
7/29/14,1.7457
7/30/14,1.7484
7/31/14,1.7658
8/1/14,1.8872
8/4/14,1.8854
8/5/14,1.8311
8/6/14,1.8408
8/7/14,1.8469
8/8/14,1.7823
8/11/14,1.7575
8/12/14,1.8335
8/13/14,1.7913
8/14/14,1.8087
8/15/14,1.7812
8/18/14,1.8446
8/19/14,1.8489
8/20/14,1.7859
8/21/14,1.8025
8/22/14,1.8133
8/25/14,1.8133
8/26/14,1.8039
8/27/14,1.8854
8/28/14,1.9037
8/29/14,1.9085
9/2/14,1.9553
9/3/14,2.028
9/4/14,1.9605
9/5/14,1.9667
9/8/14,1.9025
9/9/14,1.8663
9/10/14,1.8531
9/11/14,1.7679
9/12/14,1.7746
9/15/14,1.7653
9/16/14,1.7394
9/17/14,1.7692
9/18/14,1.7606
9/19/14,1.7343
9/22/14,1.7107
9/23/14,1.7188
9/24/14,1.7407
9/25/14,1.8137
9/26/14,1.7458
9/29/14,1.7953
9/30/14,1.8368
10/1/14,1.8684
10/2/14,1.93
10/3/14,2.0086
10/6/14,2.001
10/7/14,2.115
10/8/14,2.0792
10/9/14,2.0689
10/10/14,2.1347
10/13/14,2.1117
10/14/14,2.1077
10/15/14,2.1222
10/16/14,2.0889
10/17/14,2.0848
10/20/14,2.025
10/21/14,1.9145
10/22/14,1.9018
10/23/14,1.8518
10/24/14,1.8519
10/27/14,1.8247
10/28/14,1.8249
10/29/14,1.8394
10/30/14,1.8221
10/31/14,1.7972
11/3/14,1.8148
11/4/14,1.7943
11/5/14,1.8134
11/6/14,1.7918
11/7/14,1.7755
11/10/14,1.7633
11/11/14,1.764
11/12/14,1.7929
11/13/14,1.7819
11/14/14,1.8263
11/17/14,1.8508
11/18/14,1.8273
11/19/14,1.8312
11/20/14,1.8952
11/21/14,1.8162
11/24/14,1.8134
11/25/14,1.8313
11/26/14,1.8491
11/28/14,1.8438
12/1/14,1.7825
12/2/14,1.7809
12/3/14,1.7427
12/4/14,1.7433
12/5/14,1.7276
12/8/14,1.7074
12/9/14,1.6878
12/10/14,1.7041
12/11/14,1.6932
12/12/14,1.6728
12/15/14,1.6528
12/16/14,1.6772
12/17/14,1.676
12/18/14,1.6329
12/19/14,1.6487
12/22/14,1.6722
12/23/14,1.6471
12/24/14,1.6471
12/26/14,1.6471
12/29/14,1.6471
12/30/14,1.6471
12/31/14,1.6471
1/2/15,1.6471
1/5/15,1.5408
1/6/15,1.6047
1/7/15,1.6706
1/8/15,1.6792
1/9/15,1.7166
1/12/15,1.7404
1/13/15,1.7224
1/14/15,1.7058
1/15/15,1.7439
1/16/15,1.6439
1/20/15,1.6493
1/21/15,1.5893
1/22/15,1.5667
1/23/15,1.5522
1/26/15,1.5726
1/27/15,1.5679
1/28/15,1.6151
1/29/15,1.6222
1/30/15,1.554
2/2/15,1.5632
2/3/15,1.5749
2/4/15,1.5668
2/5/15,1.607
2/6/15,1.5994
2/9/15,1.6238
2/10/15,1.6285
2/11/15,1.5663
2/12/15,1.5588
2/13/15,1.6036
2/17/15,1.597
2/18/15,1.5188
2/19/15,1.5025
2/20/15,1.4614
2/23/15,1.455
2/24/15,1.4227
2/25/15,1.4229
2/26/15,1.3774
2/27/15,1.3485
3/2/15,1.352
3/3/15,1.3264
3/4/15,1.2649
3/5/15,1.3117
3/6/15,1.2922
3/9/15,1.3351
3/10/15,1.3211
3/11/15,1.3048
3/12/15,1.2782
3/13/15,1.2751
3/16/15,1.2535
3/17/15,1.3473
3/18/15,1.3528
3/19/15,1.3506
3/20/15,1.409
3/23/15,1.4138
3/24/15,1.3996
3/25/15,1.3581
3/26/15,1.385
3/27/15,1.3904
3/30/15,1.3685
3/31/15,1.3239
4/1/15,1.3181
4/2/15,1.3454
4/6/15,1.3454
4/7/15,1.4244
4/8/15,1.4079
4/9/15,1.3425
4/10/15,1.3561
4/13/15,1.3427
4/14/15,1.3403
4/15/15,1.3271
4/16/15,1.3401
4/17/15,1.3745
4/20/15,1.3771
4/21/15,1.373
4/22/15,1.3922
4/23/15,1.4071
4/24/15,1.3847
4/27/15,1.3876
4/28/15,1.3287
4/29/15,1.3512
4/30/15,1.3523
5/1/15,1.3746
5/4/15,1.3398
5/5/15,1.3247
5/6/15,1.3137
5/7/15,1.2749
5/8/15,1.2889
5/11/15,1.3126
5/12/15,1.316
5/13/15,1.3253
5/14/15,1.3192
5/15/15,1.3325
5/18/15,1.3584
5/19/15,1.4
5/20/15,1.3848
5/21/15,1.3345
5/22/15,1.2812
5/26/15,1.2507
5/27/15,1.245
5/28/15,1.2515
5/29/15,1.2615
6/1/15,1.298
6/2/15,1.327
6/3/15,1.343
6/4/15,1.357
6/5/15,1.351
6/8/15,1.3655
6/9/15,1.3955
6/10/15,1.3855
6/11/15,1.3445
6/12/15,1.344
6/15/15,1.303
6/16/15,1.32
6/17/15,1.294
6/18/15,1.3195
6/19/15,1.301
6/22/15,1.325
6/23/15,1.297
6/24/15,1.351
6/25/15,1.351
6/26/15,1.3345
6/29/15,1.324
6/30/15,1.324
7/1/15,1.27
7/2/15,1.274
7/6/15,1.2515
7/7/15,1.247
7/8/15,1.2495
7/9/15,1.2525
7/10/15,1.2625
7/13/15,1.288
7/14/15,1.32
7/15/15,1.2975
7/16/15,1.2885
7/17/15,1.284
7/20/15,1.2745
7/21/15,1.2595
7/22/15,1.2505
7/23/15,1.2155
7/24/15,1.2225
7/27/15,1.204
7/28/15,1.2025
7/29/15,1.2215
7/30/15,1.249
7/31/15,1.2525
8/3/15,1.2395
8/4/15,1.249
8/5/15,1.259
8/6/15,1.2425
8/7/15,1.278
8/10/15,1.3655
8/11/15,1.4035
8/12/15,1.3525
8/13/15,1.406
8/14/15,1.4115
8/17/15,1.3855
8/18/15,1.3905
8/19/15,1.348
8/20/15,1.3245
8/21/15,1.2645
8/24/15,1.217
8/25/15,1.2055
8/26/15,1.222
8/27/15,1.2455
8/28/15,1.2405
8/31/15,1.243
9/1/15,1.208
9/2/15,1.1835
9/3/15,1.1955
9/4/15,1.1915
9/8/15,1.21
9/9/15,1.211
9/10/15,1.164
9/11/15,1.1655
9/14/15,1.202
9/15/15,1.187
9/16/15,1.181
9/17/15,1.1855
9/18/15,1.1835
9/21/15,1.1725
9/22/15,1.1545
9/23/15,1.162
9/24/15,1.183
9/25/15,1.227
9/28/15,1.1915
9/29/15,1.2085
9/30/15,1.2135
10/1/15,1.2075
10/2/15,1.243
10/5/15,1.2755
10/6/15,1.281
10/7/15,1.2605
10/8/15,1.2845
10/9/15,1.316
10/12/15,1.345
10/13/15,1.3435
10/14/15,1.3465
10/15/15,1.337
10/16/15,1.2585
10/19/15,1.239
10/20/15,1.2475
10/21/15,1.21
10/22/15,1.1985
10/23/15,1.1845
10/26/15,1.173
10/27/15,1.173
10/28/15,1.191
10/29/15,1.203
10/30/15,1.2095
11/2/15,1.188
11/3/15,1.2025
11/4/15,1.205
11/5/15,1.209
11/6/15,1.1775
11/9/15,1.2135
11/10/15,1.197
11/11/15,1.2015
11/12/15,1.1875
11/13/15,1.158
11/16/15,1.182
11/17/15,1.1825
11/18/15,1.1575
11/19/15,1.222
11/20/15,1.244
11/23/15,1.2245
11/24/15,1.245
11/25/15,1.2555
11/27/15,1.236
11/30/15,1.1965
12/1/15,1.199
12/2/15,1.2045
12/3/15,1.2485
12/4/15,1.2695
12/7/15,1.2605
12/8/15,1.252
12/9/15,1.268
12/10/15,1.2635
12/11/15,1.212
12/14/15,1.199
12/15/15,1.199
12/16/15,1.1925
12/17/15,1.183
12/18/15,1.19
12/21/15,1.175
12/22/15,1.1915
12/23/15,1.2095
12/24/15,1.197
12/28/15,1.1915
12/29/15,1.2145
12/30/15,1.2365
12/31/15,1.267
1/4/16,1.239
1/5/16,1.23
1/6/16,1.1995
1/7/16,1.1845
1/8/16,1.19
1/11/16,1.1445
1/12/16,1.1435
1/13/16,1.148
1/14/16,1.159
1/15/16,1.149
1/19/16,1.1565
1/20/16,1.116
1/21/16,1.144
1/22/16,1.16
1/25/16,1.1645
1/26/16,1.167
1/27/16,1.182
1/28/16,1.1915
1/29/16,1.1635
2/1/16,1.1775
2/2/16,1.1985
2/3/16,1.2155
2/4/16,1.232
2/5/16,1.204
2/8/16,1.1575
2/9/16,1.1685
2/10/16,1.1685
2/11/16,1.15
2/12/16,1.175
2/16/16,1.17
2/17/16,1.166
2/18/16,1.161
2/19/16,1.1655
2/22/16,1.206
2/23/16,1.1925
2/24/16,1.17
2/25/16,1.1615
2/26/16,1.152
2/29/16,1.1505
3/1/16,1.1475
3/2/16,1.1555
3/3/16,1.1785
3/4/16,1.2105
3/7/16,1.209
3/8/16,1.217
3/9/16,1.2235
3/10/16,1.2215
3/11/16,1.258
3/14/16,1.272
3/15/16,1.257
3/16/16,1.2905
3/17/16,1.3255
3/18/16,1.343
3/21/16,1.3155
3/22/16,1.3465
3/23/16,1.311
3/24/16,1.2755
3/28/16,1.2855
3/29/16,1.2745
3/30/16,1.27
3/31/16,1.2745
4/1/16,1.2725
4/4/16,1.228
4/5/16,1.209
4/6/16,1.215
4/7/16,1.2195
4/8/16,1.2255
4/11/16,1.2525
4/12/16,1.263
4/13/16,1.236
4/14/16,1.251
4/15/16,1.2485
4/18/16,1.2595
4/19/16,1.279
4/20/16,1.287
4/21/16,1.241
4/22/16,1.2335
4/25/16,1.2355
4/26/16,1.2575
4/27/16,1.215
4/28/16,1.2095
4/29/16,1.215
5/2/16,1.1965
5/3/16,1.1925
5/4/16,1.197
5/5/16,1.215
5/6/16,1.245
5/9/16,1.2645
5/10/16,1.2875
5/11/16,1.2975
5/12/16,1.3005
5/13/16,1.301
5/16/16,1.336
5/17/16,1.327
5/18/16,1.301
5/19/16,1.2395
5/20/16,1.247
5/23/16,1.2215
5/24/16,1.218
5/25/16,1.214
5/26/16,1.215
5/27/16,1.213
5/31/16,1.2155
6/1/16,1.219
6/2/16,1.23
6/3/16,1.271
6/6/16,1.317
6/7/16,1.322
6/8/16,1.4165
6/9/16,1.3585
6/10/16,1.3885
6/13/16,1.393
6/14/16,1.3705
6/15/16,1.401
6/16/16,1.4145
6/17/16,1.4285
6/20/16,1.413
6/21/16,1.4095
6/22/16,1.397
6/23/16,1.429
6/24/16,1.3715
6/27/16,1.3605
6/28/16,1.406
6/29/16,1.4445
6/30/16,1.4565
7/1/16,1.464
7/5/16,1.4555
7/6/16,1.433
7/7/16,1.418
7/8/16,1.441
7/11/16,1.493
7/12/16,1.474
7/13/16,1.4765
7/14/16,1.5215
7/15/16,1.4755
7/18/16,1.4945
7/19/16,1.4655
7/20/16,1.47
7/21/16,1.4685
7/22/16,1.419
7/25/16,1.411
7/26/16,1.416
7/27/16,1.412
7/28/16,1.4215
7/29/16,1.462
8/1/16,1.4345
8/2/16,1.4125
8/3/16,1.404
8/4/16,1.421
8/5/16,1.4615
8/8/16,1.448
8/9/16,1.4475
8/10/16,1.4235
8/11/16,1.4115
8/12/16,1.4035
8/15/16,1.4055
8/16/16,1.4075
8/17/16,1.381
8/18/16,1.4145
8/19/16,1.416
8/22/16,1.464
8/23/16,1.4725
8/24/16,1.431
8/25/16,1.4445
8/26/16,1.4485
8/29/16,1.451
8/30/16,1.4605
8/31/16,1.4705
9/1/16,1.514
9/2/16,1.514
9/6/16,1.5375
9/7/16,1.551
9/8/16,1.549
9/9/16,1.5115
9/12/16,1.509
9/13/16,1.484
9/14/16,1.489
9/15/16,1.489
9/16/16,1.484
9/19/16,1.528
9/20/16,1.568
9/21/16,1.5655
9/22/16,1.5525
9/23/16,1.514
9/26/16,1.5355
9/27/16,1.537
9/28/16,1.531
9/29/16,1.5015
9/30/16,1.5155
10/3/16,1.4755
10/4/16,1.4745
10/5/16,1.482
10/6/16,1.464
10/7/16,1.48
10/10/16,1.5285
10/11/16,1.508
10/12/16,1.521
10/13/16,1.527
10/14/16,1.554
10/17/16,1.571
10/18/16,1.5875
10/19/16,1.5785
10/20/16,1.559
10/21/16,1.561
10/24/16,1.579
10/25/16,1.645
10/26/16,1.637
10/27/16,1.648
10/28/16,1.655
10/31/16,1.6415
11/1/16,1.6145
11/2/16,1.629
11/3/16,1.6565
11/4/16,1.7135
11/7/16,1.7435
11/8/16,1.712
11/9/16,1.738
11/10/16,1.6565
11/11/16,1.631
11/14/16,1.6545
11/15/16,1.653
11/16/16,1.644
11/17/16,1.6295
11/18/16,1.621
11/21/16,1.633
11/22/16,1.6185
11/23/16,1.577
11/25/16,1.554
11/28/16,1.5665
11/29/16,1.5305
11/30/16,1.506
12/1/16,1.449
12/2/16,1.458
12/5/16,1.445
12/6/16,1.42
12/7/16,1.417
12/8/16,1.414
12/9/16,1.3935
12/12/16,1.42
12/13/16,1.4285
12/14/16,1.4415
12/15/16,1.422
12/16/16,1.4245
12/19/16,1.4425
12/20/16,1.4385
12/21/16,1.4455
12/22/16,1.391
12/23/16,1.3615
12/27/16,1.342
12/28/16,1.335
12/29/16,1.3545
12/30/16,1.3705
1/3/17,1.374
1/4/17,1.418
1/5/17,1.4375
1/6/17,1.4285
1/9/17,1.442
1/10/17,1.477
1/11/17,1.49
1/12/17,1.496
1/13/17,1.493
1/17/17,1.499
1/18/17,1.492
1/19/17,1.5075
1/20/17,1.532
1/23/17,1.554
1/24/17,1.5235
1/25/17,1.529
1/26/17,1.5145
1/27/17,1.524
1/30/17,1.5115
1/31/17,1.4955
2/1/17,1.5015
2/2/17,1.485
2/3/17,1.487
2/6/17,1.4655
2/7/17,1.4505
2/8/17,1.453
2/9/17,1.476
2/10/17,1.4815
2/13/17,1.4655
2/14/17,1.4595
2/15/17,1.4695
2/16/17,1.484
2/17/17,1.4955
2/21/17,1.5185
2/22/17,1.509
2/23/17,1.4995
2/24/17,1.4625
2/27/17,1.411
2/28/17,1.426
3/1/17,1.448
3/2/17,1.4435
3/3/17,1.433
3/6/17,1.4145
3/7/17,1.407
3/8/17,1.4175
3/9/17,1.4045
3/10/17,1.4135
3/13/17,1.4235
3/14/17,1.4125
3/15/17,1.409
3/16/17,1.4145
3/17/17,1.4205
3/20/17,1.4525
3/21/17,1.4475
3/22/17,1.417
3/23/17,1.405
3/24/17,1.376
3/27/17,1.392
3/28/17,1.3885
3/29/17,1.393
3/30/17,1.393
3/31/17,1.393
4/3/17,1.3785
4/4/17,1.3775
4/5/17,1.373
4/6/17,1.3775
4/7/17,1.424
4/10/17,1.4215
4/11/17,1.424
4/12/17,1.406
4/13/17,1.4125
4/17/17,1.435
4/18/17,1.4555
4/19/17,1.4065
4/20/17,1.343
4/21/17,1.329
4/24/17,1.319
4/25/17,1.324
4/26/17,1.307
4/27/17,1.295
4/28/17,1.334
5/1/17,1.3585
5/2/17,1.3625
5/3/17,1.3745
5/4/17,1.3495
5/5/17,1.357
5/8/17,1.369
5/9/17,1.3515
5/10/17,1.3665
5/11/17,1.3425
5/12/17,1.3495
5/15/17,1.3345
5/16/17,1.3145
5/17/17,1.344
5/18/17,1.2965
5/19/17,1.321
5/22/17,1.306
5/23/17,1.3025
5/24/17,1.2855
5/25/17,1.293
5/26/17,1.312
5/30/17,1.321
5/31/17,1.2935
6/1/17,1.277
6/2/17,1.2555
6/5/17,1.2845
6/6/17,1.2555
6/7/17,1.2575
6/8/17,1.2635
6/9/17,1.2885
6/12/17,1.298
6/13/17,1.2865
6/14/17,1.2775
6/15/17,1.2805
6/16/17,1.2595
6/19/17,1.266
6/20/17,1.246
6/21/17,1.2205
6/22/17,1.165
6/23/17,1.23
6/26/17,1.245
6/27/17,1.253
6/28/17,1.244
6/29/17,1.2635
6/30/17,1.257
7/3/17,1.277
7/5/17,1.3
7/6/17,1.291
7/7/17,1.289
7/10/17,1.286
7/11/17,1.269
7/12/17,1.276
7/13/17,1.312
7/14/17,1.337
7/17/17,1.3355
7/18/17,1.349
7/19/17,1.358
7/20/17,1.35
7/21/17,1.3655
7/24/17,1.3255
7/25/17,1.306
7/26/17,1.348
7/27/17,1.3595
7/28/17,1.3785
7/31/17,1.3925
8/1/17,1.3785
8/2/17,1.4035
8/3/17,1.402
8/4/17,1.4015
8/7/17,1.4205
8/8/17,1.463
8/9/17,1.4615
8/10/17,1.42
8/11/17,1.4385
8/14/17,1.405
8/15/17,1.3555
8/16/17,1.345
8/17/17,1.3205
8/18/17,1.317
8/21/17,1.3015
8/22/17,1.291
8/23/17,1.287
8/24/17,1.279
8/25/17,1.314
8/28/17,1.3135
8/29/17,1.2865
8/30/17,1.282
8/31/17,1.2935
9/1/17,1.2905
9/4/17,1.2905
9/5/17,1.2785
9/6/17,1.279
9/7/17,1.2915
9/8/17,1.3065
9/11/17,1.3185
9/12/17,1.3505
9/13/17,1.3785
9/14/17,1.3765
9/15/17,1.414
9/18/17,1.4035
9/19/17,1.3535
9/20/17,1.3655
9/21/17,1.35
9/22/17,1.3445
9/25/17,1.3155
9/26/17,1.3225
9/27/17,1.2935
9/28/17,1.285
9/29/17,1.2805
10/2/17,1.272
10/3/17,1.2545
10/4/17,1.2515
10/5/17,1.272
10/6/17,1.3
10/9/17,1.3095
10/10/17,1.31
10/11/17,1.268
10/12/17,1.2635
10/13/17,1.2645
10/16/17,1.2375
10/17/17,1.2415
10/18/17,1.243
10/19/17,1.2685
10/20/17,1.2525
10/23/17,1.2435
10/24/17,1.232
10/25/17,1.241
10/26/17,1.2455
10/27/17,1.266
10/30/17,1.259
10/31/17,1.251
11/1/17,1.2295
11/2/17,1.264
11/3/17,1.2395
11/6/17,1.2555
11/7/17,1.247
11/8/17,1.2575
11/9/17,1.298
11/10/17,1.309
11/13/17,1.3075
11/14/17,1.3045
11/15/17,1.301
11/16/17,1.3015
11/17/17,1.2725
11/20/17,1.2575
11/21/17,1.2665
11/22/17,1.27
11/24/17,1.2755
11/27/17,1.282
11/28/17,1.2985
11/29/17,1.322
11/30/17,1.285
12/1/17,1.2955
12/4/17,1.285
12/5/17,1.274
12/6/17,1.261
12/7/17,1.229
12/8/17,1.226
12/11/17,1.2
12/12/17,1.1845
12/13/17,1.201
12/14/17,1.203
12/15/17,1.2075
12/18/17,1.219
12/19/17,1.2175
12/20/17,1.2315
12/21/17,1.2225
12/22/17,1.204
12/26/17,1.222
12/27/17,1.245
12/28/17,1.248
12/29/17,1.262
1/2/18,1.302
1/3/18,1.286
1/4/18,1.2955
1/5/18,1.2845
1/8/18,1.2515
1/9/18,1.2515
1/10/18,1.2395
1/11/18,1.228
1/12/18,1.2225
1/16/18,1.2045
1/17/18,1.231
1/18/18,1.211
1/19/18,1.2125
1/22/18,1.2255
1/23/18,1.2095
1/24/18,1.225
1/25/18,1.2365
1/26/18,1.2515
1/29/18,1.2495
1/30/18,1.223
1/31/18,1.2185
2/1/18,1.214
2/2/18,1.204
2/5/18,1.198
2/6/18,1.2285
2/7/18,1.2545
2/8/18,1.249
2/9/18,1.238
2/12/18,1.235
2/13/18,1.2505
2/14/18,1.251
2/15/18,1.2415
2/16/18,1.2045
2/20/18,1.197
2/21/18,1.189
2/22/18,1.209
2/23/18,1.21
2/26/18,1.219
2/27/18,1.211
2/28/18,1.22
3/1/18,1.2395
3/2/18,1.222
3/5/18,1.211
3/6/18,1.2125
3/7/18,1.2075
3/8/18,1.203
3/9/18,1.2015
3/12/18,1.1945
3/13/18,1.2155
3/14/18,1.1368
3/15/18,1.1201
3/16/18,1.1179
3/19/18,1.1268
3/20/18,1.1295
3/21/18,1.1275